recorded_at	phase	inputs	options	decision	why	next
2026-10-08T00:32:35.126601+00:00	recording-note	Initial design and earlier slices were recorded in task artifacts, not this TSV	Hide timing; mark recording time honestly	This timestamp is append time, not historical event time	Preserve the process deviation and source artifact timestamps	Append subsequent checkpoints as they occur
2026-10-08T00:32:35.126601+00:00	design	Issue 4; approved B plus parent grafts	Cross-store registry; additive assignment-ledger tables	Additive v2 marker and reservation-unique tribuni in assignments.sqlite	Preserve strict T02 repository identity and durable ownership	Implement via Legion public seam
2026-10-08T00:32:35.126601+00:00	test-contract	Parent approval: Legion command/submit/state; real Git fixtures	Private helper tests; behavioral public seam	Test public English states and controlled external effects	Matt TDD; no recomputed expected values	Red/green slices and finite approved mutations
2026-10-08T00:32:35.126601+00:00	safety-review	Launch receipts; old snapshot history; root tool correlation	Replay blindly; retain uncertainty	Retain generation-bound received/applied receipts, initialization commands, and held/stopping states	A committed intent is not evidence of application	Final-source live fault trial
2026-10-08T00:32:35.126601+00:00	live-gates	Alias observer error; marker-format error; premature function trial	Repeat starts; reconcile preserved identities	Parent-approved same-resource continuation only	Starting function before marker triage violated the gate; fail-fast sequence driver prevents the recurrence	Retain original bytes and cross-check actual Pi journals
2026-10-08T00:32:35.126601+00:00	test-exceptions	Four migration/off/received-only cases; eight exact later safety cases	Blanket exception; targeted alternatives	Finite prior-approved green-first cases, each with compiled mutant red and restored green	These are characterization exceptions, not red-first claims	Preserve approvals, mutation diffs, assertions, commands
2026-10-08T00:32:35.126601+00:00	self-review	Silenced start failure and unreadable report; current worker transport	Discard failure; persist exact private evidence and bounded public references	Behavioral red then green for startup uncertainty and unavailable report; reserve receiver checking phase before async observation	No lost evidence, duplicate input, or fabricated completion	Freeze runtime source and exercise real path
2026-10-08T00:32:35.126601+00:00	checks	Final runtime code; unchanged original T02 tests	Claim clean baseline; disclose inherited exception	Current full suite 99/99, typecheck and build passed	Original baseline was 78/79 with nondeterministic contention; no retry or ticket 24 fix	Final-source managed trial
2026-10-08T00:40:18Z	merge-validation	Installed Pi 1.0.4 tool_result merge and original-start observer	Display-only mutation; authoritative unknown replacement	Explicit unknown structuredContent and details; installed SDK probe rejects successful completion and intercepts once	Initial offline probe interop/path defects were not acceptance evidence; census exposed the path rewrite	Install only reviewed disposable resource
2026-10-08T01:21:44Z	ordinary-managed	Approved existing w7 identity and known resources	Restart; session-only trust and same-attempt reconciliation	Trust session only; reconcile retained attempt; public launch phase reported	Native expansion and fresh mode/settlement precede one bounded assignment; one actual start	Return corrected observer for review without loading
2026-10-08T01:21:44Z	observer-review	Actual named-agent/--pane command and installed Bash result fields	Change production; correct test-only selector and schema	Prepared unloaded observer; seven recorded-event calibration cases and strict typecheck passed	Old synthetic process/stdout shape was not authoritative; fixed diagnostic slots expose selector failure	Parent review and separately authorized target setup
2026-10-08T01:49:10Z	lost-receipt	One new disposable public-seam claim under existing inspected controller	Repeat old attempts; create authorized new claim	Reservation 8dd0ef01-4571-4cf9-b75e-c12f72d5927c; attempt a6a78445-7d03-434c-8ab6-efb285a84bb8	Exact literal rebind and seven-case calibration precede loading; registration/context verified	One intentional receipt loss only
2026-10-08T01:49:10Z	lost-receipt-result	Successful original fsynced; consumer uncertain; exact worker standard trust prompt	Restart or replace; same-attempt reconcile	Session-only trust after prerequisites; same PID; native init then one pwd assignment then public reported	Actual nested start count one; one worker; prior launch rows byte-identical	Final checks and parent review, no commit
2026-10-08T02:00:05Z	final-checks	Live source unchanged; README and read-only verifiers finalized	Claim prior checks; rerun final checks	Typecheck build 99-of-99 full suite final package dry-run real evidence verifier and seven-case captured-hook replay passed	Final manifest 863f49e036a0104bdf58b30638e053e1c726ad4181994bee0c4e3ac8b01ac53e; original runtime manifest 7972220e2c1732a90ad5d2119f507c96a491a4d1aadf40019429ec324160561a unchanged	Fresh parent review; no commit or cleanup
2026-10-08T02:31:59Z	report-remediation	Two independently accepted worker-only report defects	Reader retry; atomic writer and explicit addressed failure	Public red held-versus-reported and assigned-versus-reported then green; duplicate settlement and command delivery retained	Immutable completed-byte link publication and bounded error/abort reports; ledger publisher unchanged	One fixed-source managed trial
2026-10-08T02:31:59Z	fixed-source-verification	One authorized new managed trial and final checks	Reuse old-source evidence; prove new actor on fixed source	Attempt 0b0ccfe8-95c3-42c2-8a10-bf524bd5f8bd w9:p1 one actual start, uncertain receipt, native init, one assignment, public reported; 102-of-102 final suite	Digest 72fb8e1c6216613e8319914b6230f179f081a12ec62441f2d141332a4c59b6b5; parent pre-fix 98-of-99 preserved separately	Targeted parent rereview, no commit
