ts	phase	decision	why	evidence	result
2026-10-07T18:08:18Z	scope	Implement T02 at the approved public Legion seam	Keep claim and workspace behavior together without launching workers	https://github.com/StanleyOneG/matts-poteto-herdr-factory/issues/3	open
2026-10-07T18:34:55Z	design	Select candidate A with stopping and observation grafts from B	Short metadata transactions enforce exclusive claims; unknown Git completion blocks repeat effects	/home/vscode/.pi/agent/sessions/--workspaces-astraprojects-matts-poteto-herdr-factory--/subagent-artifacts/outputs/ebb212fb-bf15-4665-8acc-46301418fe22/design/a.md	approved for implementation
2026-10-07T18:42:45Z	permission-gate	Paused implementation to verify guarded Git execution from commands and tools	Installed Pi command context lacks executeTool and pi.exec bypasses tool hooks	/home/vscode/.npm-global/lib/node_modules/@earendil-works/pi-coding-agent/dist/core/extensions/types.d.ts:269-286	parent approved disposable denial-hook probe, no design change yet
2026-10-07T18:47:11Z	permissions	Approve durable deferred commands completed by guarded legion_workspace tool	Real Pi probe shows slash execution bypasses tool hooks while nested executeTool honors denial and bash overrides	/home/vscode/.pi/agent/sessions/--workspaces-astraprojects-matts-poteto-herdr-factory--/subagent-artifacts/outputs/ebb212fb-bf15-4665-8acc-46301418fe22/implementation/permission-probe.json	approved; implementation and regression tests pending
2026-10-07T18:48:07Z	permission-amendment	Use durable deferred host requests and a live guarded legion_workspace tool	Parent approved command deferral because installed Pi commands cannot execute guarded tools	/home/vscode/.pi/agent/sessions/--workspaces-astraprojects-matts-poteto-herdr-factory--/subagent-artifacts/outputs/ebb212fb-bf15-4665-8acc-46301418fe22/implementation/permission-probe.json	approved, implementation next
2026-10-07T19:06:55Z	real-git	Pass the owned short local branch name to git worktree add	Real Git treats the full refs/heads argument as detached even though it resolves the expected commit	/tmp/legion-t02-s05-green.txt	real isolation and dirty-work preservation passed
2026-10-07T19:43:10Z	workspace-stage	Add an explicit correlated workspace command for the guarded tool turn	Parent approved this trigger because ordinary active input is intake-only and cannot reach workspace tools	scripts/verify-workspace.mjs	real Pi success, denial, root-tool refusal and stopping passed
2026-10-07T19:43:10Z	implementation-checkpoint	Complete fourteen public-seam red-green slices and supplementary process preservation scenarios	Make operations idempotent and test observable behavior while keeping Git outside intake serialization	/tmp/legion-t02-s14-green.txt	22 focused behavioral scenarios passed with typecheck
2026-10-07T19:43:11Z	self-review	Pin ledger repository identity, reject semantic binding conflicts and guard the dispatch boundary	A missing ledger cannot become empty ownership history and off cannot start a child after dispatch	/tmp/legion-t02-self-review-green.txt	focused suites passed; final verification next
2026-10-07T20:15:33Z	recovery	Resume the captured checkout and terminate one proven test-owned orphan Pi process	The required run timeout left an earlier PTY fixture alive; unrelated sessions were not touched	/tmp/legion-workspace-pi-WNaPwv/tui-fixture.json	PID 1519529 received SIGTERM; no matching fixture processes remained
2026-10-07T20:15:33Z	stopping-review	Hold invocation protection through discovery, parent resolution, inspection and outcome handling	The approved lifecycle forbids inactive while a local Git invocation is unsettled	docs/verification/t02-s15-red.txt;docs/verification/t02-s15-green.txt	three public regressions went red to green; competing resume retained ownership blocker
2026-10-07T20:15:33Z	evidence-review	Preserve the original missing-export red and recover the actual real-Git behavioral red	A startup failure alone is not behavioral proof; this run also recorded held instead of ready before the short-branch correction	docs/verification/t02-s05-behavior-red.txt	actual transcript evidence recovered verbatim
2026-10-07T20:15:33Z	final-verification	Verify the final source manifest with full checks and both real Pi scripts	Prove the actual guarded workflow and intake regression path rather than inferring from compilation	docs/verification/t02-implementation.sha256;docs/verification/t02-runtime.json;docs/verification/t02-tests.txt	73 tests passed; typecheck, build, workspace RPC/PTY and installed package runtime passed
2026-10-07T20:21:47Z	handoff	Write and validate the complete configured writer handoff	Keep final source identity, checks and remaining review responsibilities available after timeout recovery	/home/vscode/.pi/agent/sessions/--workspaces-astraprojects-matts-poteto-herdr-factory--/subagent-artifacts/outputs/ebb212fb-bf15-4665-8acc-46301418fe22/implementation/result.md	acceptance JSON and all changed paths validated; no implementation blockers; independent review pending
2026-10-07T21:21:53Z	independent-review	Accept the two reproduced lifecycle findings and correct the unsupported concurrency claim	The prior same-task tests were sequential and did not establish simultaneous contention	/home/vscode/.pi/agent/sessions/--workspaces-astraprojects-matts-poteto-herdr-factory--/subagent-artifacts/outputs/771f57f8-3cc2-44d2-8cbf-cea5d56a2c09/review/spec.md;docs/verification/t02-r1-original-repro.txt;docs/verification/t02-r2-original-repro.txt	R1 and R2 reproduced before corrections
2026-10-07T21:21:53Z	ownership-boundary	Recheck authority after snapshot awaits and atomically acquire invocation protection before discovery	Fix Root Causes places the ownership guard at the dispatch boundary rather than masking the race	docs/verification/t02-r1-red.txt;docs/verification/t02-r1-green.txt;docs/verification/t02-r1-real-green.txt	public regression red to green; real Git passed 70 microtask cuts
2026-10-07T21:21:53Z	lifecycle-health	Preserve known lifecycle when snapshot storage is unreadable	Stopping is a local fact and does not depend on reading task records	docs/verification/t02-r2-red.txt;docs/verification/t02-r2-green.txt;docs/verification/t02-r2-real-green.txt	storage corruption retained stopping until settlement
2026-10-07T21:21:54Z	contention-policy	Preserve release-at-once busy diagnostics and add a separate held-dispatch overlap trial	Parent approved explicit recovery without inventing a wait or retry policy; a non-atomic ready marker was a probe defect	docs/verification/t02-same-task-processes-diagnostic.txt;docs/verification/t02-same-task-processes-final.txt	one durable owner; busy request retained and explicitly recovered; held dispatch produced immediate loser blocker
2026-10-07T21:21:54Z	busy-guidance	Add exact status, resume and fresh-host-request instructions to uncertain workspace results	A retained busy request needs an actionable operator path, not an automatic retry	docs/verification/t02-busy-guidance-red.txt;docs/verification/t02-busy-guidance-green.txt	guidance regression red to green; payload and fingerprint retained
2026-10-07T21:21:54Z	final-review-fixes	Seal and verify the corrected result without changing the ledger or adapter policy	Prove It Works requires actual process overlap and runtime checks; parent owns targeted rereview	docs/verification/t02-implementation.sha256;docs/verification/t02-tests.txt;docs/verification/t02-runtime.json	79 tests, typecheck, build and both real Pi trials passed; all 31 manifest entries matched
2026-10-07T21:35:11Z	corrected-handoff	Write and validate the configured review-correction result	The parent needs exact tested identity and explicit remaining rereview responsibility	/home/vscode/.pi/agent/sessions/--workspaces-astraprojects-matts-poteto-herdr-factory--/subagent-artifacts/outputs/ebb212fb-bf15-4665-8acc-46301418fe22/implementation/result.md	structured acceptance validated; final manifest matched; no implementation blockers; targeted rereview pending
2026-10-07T21:40:58Z	acceptance	Accept corrected T02 implementation after independent rereview and parent checks	Both review axes passed and actual Pi workspace trial preserved host settings	docs/verification/t02-implementation.sha256	79 tests; typecheck; build; real Pi passed
